INSERT INTO SUPPLIER VALUES
(1, 'Sanita', '01234567'),
(2, 'Chamsine', '03418178'),
(3, 'Pepsi Cola', '76024494'),
(4, 'Nestle', '05430905'),
(5, 'Fantasia', '09586147'),
(6, 'Mars Company', '07895631'),
(7, 'AlWadi AlAkhdar', '01552418');

INSERT INTO PRODUCT VALUES 
('001525241', 3, 'Pepsi Can', '2021-12-12', 750, 500),
('124642124', 4, 'Ice Tea Peach', '2021-11-06', 750, 500),
('432542323', 2, 'Baguette', '2021-08-15', 2000, 1000),
('326321321', 2, 'French Toast', '2021-05-08', 1500, 1000),
('213123554', 6, 'Kitkat Chunky' , '2021-02-12', 1000, 500),
('123674213', 6, 'Twix Bar', '2021-05-16', 750, 500),
('357865423', 7, 'Canned Corn', '2021-08-25', 2000, 1000),
('865343245', 7, 'Canned Beans', '2021-07-13', 2500, 1250),
('414634242', 6, 'Mars Bar', '2021-02-12', 500, 250),
('232577424', 7, 'Cheddar Cheese', '2020-10-12', 5000, 2500),
('942248855', 1, 'Tissues Pack', '2025-02-12', 1000, 500),
('099922412', 1, 'Toilet Paper', '2025-02-12', 1000, 500),
('112122568', 3, 'Seven up', '2021-03-24', 750, 500),
('989875402', 5, 'Salt Chips', '2022-05-18', 500, 250),
('424256798', 5, 'Vinegar Chip', '2021-12-25', 500, 250);

SET FOREIGN_KEY_CHECKS = 0;
INSERT INTO EMPLOYEE VALUES
(244, 'Mohammad Itani', 150000, 'itaniM@gmail.com','70192345', 1, 1),
(42, 'Karim Abou Ahmad', 100000, 'akar@hotmail.com','71242421' ,1, 1),
(12, 'Imad Ismail', 100000, 'ImadIsHere@outlook.com','03262123' ,1, 1),
(41, 'Nicolas Mouallem', 150000, 'MouallemNi@gmail.com','03674212', 1, 1),
(05, 'Ali Saad', 100000, 'AliSaad@hotmail.com','71257932', 1, 2),
(17, 'Michel Kharfoush', 100000, 'Micho95@hotmail.com','70842121', 1, 2),
(25, 'Ghadi Mahboub', 100000, 'Ghadi255@outlook.com','79564212' ,0, 2),
(32, 'Carl Tchaghlassian', 100000, 'Carlothe8th@gmail.com', '79876509',1, 2),
(54, 'Massaad Harfoush', 150000, 'MassHar@hotmail.com','71456214' ,1, 3),
(09, 'Omar Fattouh', 100000, 'OmarF1994@gmail.com','03895432', 1, 3),
(56, 'Georges Aoun', 100000, 'GeorgyAoun@hotmail.com','03567212' ,1, 3),
(43, 'Karim El Atrash', 100000, 'KarimElA54@hotmail.com','70000985' ,1, 3);

INSERT INTO BRANCH VALUES
(1, 244, 'Verdun'),
(2, 41, 'Hamra'),
(3, 54, 'Mar Elias');
SET FOREIGN_KEY_CHECKS = 1;


INSERT INTO CUSTOMER VALUES
(01, 22, 'Jon Snow', 'Castle Black Road', 'jsnow@hotmail.com', '01445232',1),
(01, 05, 'Darth Vader', 'Death Star Avenue', 'DaVader92@hotmail.com', NULL,1),
(01, 65, 'Homer Simpson', 'Springfield', NULL, NULL,1),
(02, 02, 'Mitchell Smith', NULL, NULL, '01468121',1),
(02, 12, 'Gareth Bale', NULL, NULL, NULL,1),
(02, 43, 'Bernie Sanders', NULL, 'Bsanders@hotmail.com', '01444242',1),
(02, 44, 'Carlos Ghosn', 'Fugutive Road', NULL, NULL,1),
(02, 45, 'Walter White', 'Albaquerque', NULL, '03423675',1),
(02, 68, 'Joe Exotic', 'Jail Avenue', NULL, NULL,1),
(02, 76, 'Catherine Maryland', NULL, NULL, NULL,1),
(01, 89, 'James Bond', NULL, 'jbond07@hotmail.com', NULL,1),
(01, 24, 'Lee Sizemore', NULL, 'ItzLee@gmail.com', '01224411',1),
(01, 23, 'Meghan Fox', NULL, 'MeghanFox90@gmail..com', NULL,1),
(01, 14, 'Fayrouz', NULL, NULL, 03442564,1),
(03, 10, 'Fadlo Khouri', 'American University of Beirut', NULL, NULL,1),
(03, 06, 'Barack Obama', NULL, 'Obamacare4@hotmail.com', '03776332',1),
(03, 54, 'Felix Kjelberg', 'Brighton', 'KjelbergPie@gmail.com', NULL,1),
(03, 55, 'Peter Griffin', NULL, NULL, NULL,1),
(03, 19, 'Tyler Blevins', NULL, 'Tyler1994Blevins@hotmail.com', NULL,1),
(03, 18, 'Beyonce', NULL, 'Beyo4521@hotmail.com', NULL,1);


INSERT INTO STOCK VALUES
('001525241', 01, 25),
('001525241', 02, 55),
('001525241', 03, 149),
('124642124', 01, 42),
('124642124', 02, 54),
('124642124', 03, 32),
('432542323', 01, 240),
('432542323', 02, 22 ),
('432542323', 03, 43),
('326321321', 01, 44),
('326321321', 02, 23),
('326321321', 03, 57),
('213123554', 01, 44),
('213123554', 02, 23),
('213123554', 03, 78),
('123674213', 01, 44),
('123674213', 02, 32),
('123674213', 03, 145),
('357865423', 01, 142),
('357865423', 02, 33),
('357865423', 03, 46),
('865343245', 01, 421),
('865343245', 02, 42),
('865343245', 03, 67),
('414634242', 01, 32),
('414634242', 02, 53),
('414634242', 03, 64),
('232577424', 01, 85),
('232577424', 02, 424),
('232577424', 03, 42),
('942248855', 01, 67),
('942248855', 02, 12),
('942248855', 03, 57),
('099922412', 01, 64),
('099922412', 02, 57),
('099922412', 03, 596),
('112122568', 01, 564),
('112122568', 02, 36),
('112122568', 03, 432),
('989875402', 01, 112),
('989875402', 02, 255),
('989875402', 03, 43),
('424256798', 01, 578),
('424256798', 02, 432),
('424256798', 03, 126);

INSERT INTO TRANSACTION VALUES
(01, 10000, 22, 244, '2020-01-01'),
(02, 12000, 22, 42, '2020-02-02'),
(03, 5000, 05, 12, '2020-02-03'),
(04, 10000, 05, 244, '2020-02-04'),
(05, 7500, 65, 42, '2020-02-05'),
(06, 15000, 65, 12, '2020-02-06'),
(07, 13000, 02, 05, '2020-02-07'),
(08, 20000, 02, 17, '2020-02-08'),
(09, 10000, 12, 32,  '2020-02-09'),
(10, 10000, 12, 05, '2020-02-10'),
(11, 10000, 43, 17, '2020-04-22'),
(12, 5000, 43, 32, '2020-01-29'),
(13, 4500, 44, 25,  '2020-02-28'),
(14, 2500, 44, 17, '2020-02-29'),
(15, 10000, 45, 25, '2020-01-31'),
(16, 5000, 45, 05, '2020-03-23'),
(17, 3000, 68, 05, '2020-03-25'),
(18, 7500, 68, 17, '2020-02-25'),
(19, 11000, 76, 25, '2020-04-22'),
(20, 11500, 76, 05, '2020-04-24'),
(21, 7500, 89, 41, '2020-04-25'),
(22, 12000, 89, 244, '2019-11-11'),
(23, 5000, 24, 42, '2019-11-25'),
(24, 4000, 24, 12, '2020-04-01'),
(25, 6000, 23, 42, '2019-12-15'),
(26, 9000, 23, 41, '2019-11-25'),
(27, 2000, 14, 244, '2019-12-11'),
(28, 1500, 14, 12, '2019-12-26'),
(29, 2000, 10, 54, '2020-02-25'),
(30, 5000, 10, 43, '2020-02-24'),
(31, 5000, 06, 56, '2020-01-23'),
(32, 4000, 06, 09, '2020-04-25'),
(33, 5000, 54, 43, '2020-04-24'),
(34, 2000, 54, 09, '2020-01-12'),
(35, 2500, 55, 56, '2020-06-15'),
(36, 1500, 55, 54, '2019-05-11'),
(37, 1000, 19, 56, '2020-01-21'),
(38, 2000, 19, 09, '2020-02-15'),
(39, 3000, 18, 43, '2020-02-12'),
(40, 1000, 18, 56, '2020-03-11');

-- CHECKED 100% WORKING
INSERT INTO INCLUDE VALUES
('001525241', 01, 10),
('865343245', 01, 1),
('213123554', 02, 5),
('123674213', 02, 4),
('432542323', 02, 2),
('232577424', 03, 1),
('232577424', 04, 1),
('357865423', 04, 1),
('942248855', 04, 3),
('414634242', 05, 4),
('326321321', 05, 1),
('432542323', 05, 2),
('432542323', 06, 3),
('942248855', 06, 2),
('099922412', 06, 2),
('232577424', 06, 1),
('424256798', 07, 10),
('989875402', 07, 5),
('865343245', 07, 2),
('326321321', 07, 1),
('232577424', 08, 1),
('001525241', 08, 10),
('414634242', 08, 10),
('865343245', 08, 1),
('124642124', 09, 8),
('432542323', 09, 2),
('232577424', 10, 2),
('865343245', 11, 2),
('942248855', 11, 3),
('099922412', 11, 2),
('432542323', 12, 1),
('099922412', 12, 1),
('942248855', 12, 1),
('414634242', 12, 1),
('124642124', 13, 4),
('326321321', 13, 1),
('326321321', 14, 1),
('099922412', 14, 1),
('865343245', 15, 4),
('001525241', 16, 4),
('432542323', 16, 1),
('112122568', 17, 2),
('001525241', 17, 2),
('213123554', 18, 5),
('865343245', 18, 1),
('232577424', 19, 1),
('942248855', 19, 1),
('099922412', 19, 2),
('213123554', 19, 1),
('357865423', 20, 3),
('865343245', 20, 2),
('414634242', 20, 1),
('865343245', 21, 1),
('232577424', 21, 1),
('213123554', 22, 5),
('232577424', 22, 1),
('432542323', 22, 1),
('357865423', 23, 2),
('414634242', 23, 2),
('123674213', 24, 2),
('112122568', 24, 2),
('213123554', 24, 1),
('232577424', 25, 1),
('357865423', 26, 2),
('326321321', 26, 2),
('432542323', 26, 1),
('213123554', 27, 2),
('326321321', 28, 1),
('424256798', 29, 2),
('989875402', 29, 2),
('232577424', 30, 1),
('865343245', 31, 2),
('432542323', 32, 2),
('123674213', 33, 4),
('432542323', 33, 1),
('414634242', 34, 4),
('432542323', 35, 1),
('414634242', 35, 1),
('989875402', 36, 2),
('414634242', 36, 1),
('989875402', 37, 2),
('001525241', 38, 1),
('124642124', 38, 1),
('989875402', 38 , 1),
('326321321', 39, 2),
('989875402', 40, 1),
('414634242', 40, 1);